AUC,ACC
0.707325901481879,0.6876187665978165
